,OBS_VALUE
0,5828.20208707917
1,5238.87768803904
2,4687.38281542961
3,6296.93842853605
4,7520.54990260888
5,24223.3550582259
6,20840.7444461343
7,24420.6486218653
8,69644.5516196711
9,82486.6104254054
10,73482.0397408667
11,67990.5163853161
12,13.3892092137235
13,7.46662749328792
14,42.65802668015
15,307.831071751259
16,1640.94723656668
17,1767.77834350613
18,2044.45267071623
19,2399.64829009462
20,4287.84395980126
21,6534.59065304961
22,13361.9432726046
23,10872.2211375617
24,9755.07249370563
25,12176.4236628279
26,14059.9635609307
27,16628.360207101
28,32168.7542846307
29,31399.874646805
30,137.965717840685
31,157.342926849651
32,175.187732879805
33,184.037985439181
34,213.563117989576
35,237.852254681934
36,653.356121300589
37,829.382749881474
38,348111.785168261
39,386633.940938882
40,199003.830763245
41,155534.202969054
42,145119.106136762
43,137656.330412099
44,15417.6698409096
45,14940.3952166803
46,12210.7721964731
47,18855.7029933301
48,23638.4284566701
49,28381.2818129803
50,26011.7455179418
51,20545.8403622834
52,27869.1005437105
53,41092.6103426322
54,63.9548883620691
55,87.8019966074345
56,149.412801363902
57,105.240808513907
58,80.9646497465855
59,308.293919795976
60,636.180656454169
61,820.981950069197
62,731.717230949312
63,1163.82871786117
64,1839.77097304414
65,3584.41031158098
66,5532.17359531786
67,4066.11070910254
68,2426.84812318145
69,2977.53784194734
70,4693.91186810331
71,6359.70363145031
72,6776.86363901569
73,4216.84338089169
74,6699.45118677379
75,11867.5977441262
76,12969.9059294372
77,19808.8587476642
78,3434.17713953501
79,5624.91839173974
80,6746.44335939147
81,1170.05282497174
82,981.554466173935
83,395.978048085878
84,160.001032705459
85,64.5439965049534
86,1456.43082102703
87,1513.66885442144
88,1680.40609164124
89,4917.51141781404
90,12899.0657965412
91,21923.3039810498
92,20868.9558293636
93,26558.2591460566
94,43761.2972761833
95,58812.0591699663
96,70203.2209606018
97,87121.7793407176
98,62.5180163116235
99,426.308815207042
100,309.284843576555
101,221.2705867893
102,103.362776242675
103,80.7799805378778
104,902.841137566112
105,5018.09402577832
106,7958.38736101975
107,12477.351010892
108,15244.317572475
109,14462.2554930459
110,21291.8021340645
111,30581.2736461558
112,31209.1777353397
113,25125.2050717135
114,20808.0400419795
115,29914.0473126539
116,32160.629206639
117,39250.398425956
118,58362.1732973647
119,73569.1672172768
120,13620.1808859351
121,19972.6747222294
122,20052.8295806179
123,14425.6726211235
124,26189.8473330401
125,23782.3481273596
126,23597.8523765551
127,28841.5212205955
128,35183.3342358623
129,39679.8754623301
130,39344.2305101036
131,47271.0903751396
132,70880.030869671
133,102457.488575281
134,131281.517506846
135,162859.430922389
136,201798.334154947
137,254859.03155813
138,290998.362199974
139,174.545494692781
140,1133.692070973
141,1323.26469161822
142,1607.3390219384
143,1967.61789584405
144,1762.44320707805
145,6370.75176274672
146,8825.289122984
147,17385.7782309417
148,15655.5752819768
149,16217.0840817155
150,18034.1847306644
151,18861.3222513287
152,23406.3026595389
153,32302.4666050878
154,34832.9386828856
155,39359.4350451574
156,41939.6892964046
157,159.018373082942
158,133.549851694522
159,201.381784869074
160,459.228161558989
161,5893.41330357347
162,7233.76899284019
163,14393.3392424221
164,27847.6576410466
165,27373.5615193422
166,37238.623996846
167,38543.9185213343
168,68457.0576127417
169,59130.1736276005
170,110259.718261869
171,171832.808282477
172,342866.871615806
173,267194.151891391
174,211602.656749999
175,194923.977582729
176,194938.432598315
177,426.216392940086
178,297.317469791158
179,259.43982893207
180,372.563542303497
181,459.393197142592
182,801.033792896785
183,1836.67553888992
184,2147.03985253787
185,5867.83770045995
186,12022.0012550814
187,10483.7176222352
188,14096.3430936919
189,22398.8480693522
190,70446.4280161388
191,88440.7698096477
192,124288.779378309
193,175132.305084841
194,276191.016008298
195,337217.929777386
196,395177.368987407
197,461282.112461945
198,545533.954065211
199,587799.884633047
200,4136.139557507
201,2907.88243846713
202,21612.1778175602
203,20939.7985238634
204,25819.994166077
205,43197.5394681519
206,38087.3062625688
207,33943.6975888094
208,29924.8885297902
209,28957.9761849604
210,58287.9543496645
211,66269.5556085393
212,71553.32733194
213,79889.68831837
214,93963.1187486454
215,99842.2913613809
216,274.380693148068
217,688.47913369353
218,4792.76581430972
219,7902.18644456415
220,9793.48725682185
221,27822.6277377634
222,41598.3227023828
223,50367.5273735858
224,60929.7140099473
225,67039.7517337399
226,22703.9898544769
227,27653.5647116147
228,37995.4548294507
229,66811.5373854592
230,3063.81827381766
231,5625.78004368877
232,12209.9224459625
233,12974.4651851496
234,12310.4084322885
235,11442.846384824
236,26180.6138708492
237,24993.1562148002
238,48526.8762547921
239,54018.2148845662
240,54950.3531912872
241,64673.9355731998
242,75664.1069619774
243,106490.168440852
244,47664.6151630566
245,49615.3528068196
246,53609.2098509594
247,52344.1314612332
248,79.319457604919
249,144.132783031952
250,434.536192226426
251,743.765480716269
252,2250.24777759901
253,3273.53122018813
254,4841.25511565746
255,9031.38092576056
256,13396.4985442111
257,18497.0548581926
258,20610.477440232
259,25888.2471989501
260,34621.9143801389
261,33691.3658805964
262,45713.5722923131
263,51674.1218545693
264,59155.3597807268
265,79872.3607627219
266,78636.3051669597
267,120265.886625238
268,263966.687366159
269,160.263692602367
270,760.165196179915
271,571.912544004343
272,775.950699689719
273,787.794156240076
274,721.156706413987
275,2188.76701614604
276,3426.36581081541
277,6282.33067007993
278,9291.98316796803
279,12700.0521520155
280,27794.7151933695
281,46442.0380685249
282,20729.8232775359
283,21988.4037684997
284,23802.8025610708
285,27484.9579155474
286,29685.1827422026
287,1163.25215108588
288,753.888557177924
289,1340.81008765918
290,1203.98052013029
291,1046.83419891013
292,5489.10356281068
293,5043.92986308138
294,3923.66472310255
295,4138.66429162518
296,3712.05914151784
297,9529.17937346085
298,78282.3794209844
299,227168.47077292
300,393951.888263262
301,651350.069174966
302,200551.139084567
303,212428.039004019
304,1082527.04971761
305,51.2192132724305
306,91.0059201488871
307,495.781954393614
308,282.167416959585
309,156.748351994677
310,97.2431559636703
311,175.029831209282
312,224.977887830574
313,1539.82151034784
314,1626.41615520767
315,1668.68212875314
316,3385.78764741451
317,6819.4196662245
318,8882.87944230617
319,13577.6341968105
320,14195.1287963669
321,19168.5228759567
322,13816.5180734412
323,8243.98342772862
324,7274.08076347634
325,6524.29535360855
326,8410.44337695857
327,14638.9707651623
328,6215.91739120383
329,25298.3987082634
330,17551.5822891576
331,16219.6185704322
332,20940.1263475347
333,20093.8087236388
334,27302.7959180555
335,37365.6692588676
336,72364.8957799347
337,71807.3894065599
338,74270.8931172146
339,87395.6774639752
340,95523.2206084709
341,100322.546695446
342,109143.497258188
343,117831.023539325
344,131570.175807084
345,135339.025493815
346,122.951764694316
347,73.9135779056505
348,38.921994948554
349,624.342609306953
350,487.124224004937
351,438.846549501172
352,351.561156125643
353,967.081511796051
354,907.884189894439
355,962.391273822367
356,2028.29670074924
357,2591.25460699897
358,2318.89848944922
359,3039.64188894545
360,2410.0928098787
361,1733.86905237442
362,4395.74150985903
363,22777.4339828176
364,29209.0934106735
365,32081.8719230128
366,38091.2936477097
367,51635.841211406
368,93969.5324988318
369,10793.6869889159
370,12636.3964308071
371,108.787518454548
372,103.128888681968
373,313.87732902491
374,245.622559914243
375,1184.26415410659
376,1099.75605257198
377,2364.10436778766
378,1934.80512159114
379,3554.77781101364
380,3638.94980408869
381,2063.17832203237
382,2222.63460663289
383,1736.82304467993
384,2652.66544559665
385,5951.90389885911
386,6740.24620526608
387,11437.8125900577
388,11721.0615364304
389,21810.2761778459
390,22736.7267735744
391,25949.7997499131
392,51652.9025424321
393,58679.5599668094
394,167.399917873892
395,225.244439230975
396,221.197540209881
397,216.432489352102
398,210.949246528705
399,171.581840552757
400,237.695220262632
401,241.00845107621
402,497.744548185231
403,962.13771421164
404,1420.58739837438
405,1663.86981725133
406,3810.53469488615
407,6596.59529936642
408,5371.84443776178
409,9815.2616023503
410,11973.0814790589
411,16551.8107943254
412,32729.3202111019
413,30917.4080276805
414,41050.5535995051
415,57426.4021983408
416,69021.1027292955
417,82509.4126074556
418,1852.48829926453
419,1436.17864063244
420,2338.87903335815
421,2187.16630651652
422,2058.59215424698
423,2886.94871034
424,5503.00029826405
425,7626.10219870437
426,11782.0413219511
427,14986.1183585645
428,16143.2633990401
429,19619.8121386171
430,27397.6670836961
431,42081.570689681
432,88777.4209272458
433,86977.1500553498
434,109541.132123647
435,136462.562105575
436,437675.217728329
437,491138.486660352
438,880963.98635205
439,1023829.13400358
440,1077299.24710098
441,86.0778725779497
442,102.948536006413
443,89.389806000313
444,1198.84214823076
445,1358.8563348296
446,2053.15168044944
447,8436.02746316239
448,22199.6975476096
449,53250.4781979846
450,78844.2966663199
451,93717.5572938103
452,140060.44312417
453,136030.347733504
454,163444.552091145
455,189317.742156235
456,197330.206379516
457,198584.052682143
458,242940.288036754
459,235246.869715666
460,279756.233103327
461,371014.739453513
462,208.901199755813
463,3161.03522402207
464,1727.67201754233
465,2838.86178885724
466,2605.27028810816
467,2471.14933155411
468,6121.40803428308
469,9408.33254616951
470,8858.46596394671
471,15127.3153674834
472,27009.2103336467
473,34847.2512557904
474,31844.0203457815
475,37706.0841872943
476,43495.1221771722
477,84205.6866027552
478,144.963791750394
479,171.06820433697
480,163.998691313124
481,552.664460100573
482,973.906636114237
483,813.338299635549
484,674.109384411193
485,391.365338076969
486,1775.27683375397
487,3633.37240070357
488,3718.79674363532
489,4623.66685480208
490,4998.26951729102
491,9610.28260701527
492,17479.9959720204
493,23689.8818884793
494,36416.8720520264
495,32503.1779193133
496,29280.2555907107
497,63354.9207781519
498,68523.4806389024
499,123.231607350025
500,238.316141569339
501,236.981584318329
502,387.19400481453
503,435.334610485262
504,499.77525671553
505,373.062499866632
506,802.684233155439
507,3470.82262804043
508,4084.08678914769
509,6353.15369729772
510,6430.24271754918
511,4446.04212144737
512,3114.27230511896
513,7767.07950979365
514,7827.6450446562
515,16942.6349337629
516,68752.3421736713
517,86176.6211041246
518,452050.07757542
519,3544.32335854411
520,3287.10660744149
521,5972.06045569353
522,20185.2099008951
523,22100.2870509178
524,40869.6862294507
525,41966.7615539794
526,55727.3606844825
527,135460.452513262
528,269563.624343366
529,250929.118872071
530,306076.658883779
531,305065.91874213
532,221623.578764058
533,30210.2135223889
534,24302.758466591
535,801.420281815913
536,5325.04067830391
537,3037.32879730582
538,1080.55862554472
539,2804.01135208651
540,5635.93311494756
541,9107.63743888684
542,8159.20535214498
543,10984.6038058646
544,19331.1327734227
545,18507.2230406562
546,8622.986129986
547,11017.9973293851
548,10008.2696717023
549,9193.72322169808
550,13923.1683446287
551,33590.3414045953
552,37038.1183606988
553,48667.3007468544
554,59947.1293199621
555,126762.261527768
556,2043.17697228145
557,1393.38069192692
558,1994.7534879677
559,2679.48377356817
560,3032.33626917592
561,4240.40529894933
562,3607.69105659106
563,3349.30425632892
564,3567.63118151083
565,10602.9651828312
566,24045.8648903249
567,22355.5767148605
568,40582.2847020553
569,52785.3131954347
570,53733.6185518458
571,70954.5564042219
572,91734.1549387278
573,107171.612865679
574,243802.1048827
575,157818.592945603
576,448969.406504113
577,406051.608646811
578,429030.154308458
579,417.869948566272
580,378.709024646608
581,191.134016325838
582,362.950975672103
583,292.147495019553
584,235.639231565349
585,494.905329316233
586,1120.08430839742
587,1000.97894628748
588,3115.01815042698
589,1624.36417146444
590,4552.116387572
591,5540.88294005397
592,3816.29695694882
593,13504.9289411829
594,12658.1778620818
595,17080.8588014258
596,17540.213636391
597,41662.6105213451
598,39658.6060496365
599,36332.5464445929
600,31623.4405907297
601,51153.579060968
602,56078.1729418061
603,102.39659073323
604,130.894959483363
605,110.665271023135
606,201.138541286145
607,886.31397398565
608,6568.89137395132
609,25096.1010583926
610,46930.6344393175
611,61056.4155302538
612,67647.7034397478
613,71393.562880659
614,90283.6995270093
615,107237.757966868
616,134074.905845208
617,151926.51251134
618,207592.522146949
619,179618.818904926
620,457456.104461833
621,486526.285221731
622,539773.24536716
623,576357.584312973
624,771870.751870252
625,649094.895998259
626,146.175111691913
627,87.3905893471344
628,160.803396922869
629,164.196393607133
630,133.711224240842
631,350.955388305815
632,196.264001872555
633,200.311818731158
634,199.142766066335
635,198.806524671094
636,189.556349825382
637,176.245454930136
638,163.873028793683
639,6932.48952138469
640,5726.49150069751
641,2200.24048811592
642,2960.15448555535
643,4596.06201404157
644,8441.15754135807
645,10263.6113980508
646,9357.0990280341
647,15493.7001757664
648,22044.0349071566
649,44694.4053085563
650,49902.89007985
651,57357.417938523
652,63616.3452952391
653,72663.6876673125
654,52837.0777873001
655,57981.1527040193
656,61793.2195820266
657,66385.6191671992
658,73266.5535724629
659,598.963904921196
660,615.923470772645
661,411.251255421816
662,529.303831825239
663,452.351943189941
664,422.084243475982
665,3980.85221877885
666,13254.690159207
667,52863.1382733311
668,27365.8985643475
669,13146.3598439496
670,9481.40508122232
671,9279.15205029929
672,10491.9951495584
673,52729.4723707064
674,18707.1313453226
675,32799.9167147585
676,45980.4218935369
677,48489.609193688
678,54204.4568003638
679,60266.4549815874
680,92250.5320763804
681,72.3499196793495
682,590.863614333846
683,565.256860842599
684,1495.0601924216
685,2785.20200848553
686,2492.55007472358
687,4492.4754541855
688,10348.7652930479
689,12504.8728625024
690,19064.4729433741
691,31986.7439263508
692,45000.7905801621
693,65116.9642805026
694,86105.743115347
695,108172.040501831
696,109867.564504931
697,127142.790116296
698,152443.475454664
699,193439.641279362
700,200453.723503775
701,201667.756051646
702,234444.648318259
703,234913.145549088
704,124.142557261216
705,225.085308845667
706,158.60510013255
707,339.097618177019
708,783.023650280531
709,1218.96544649398
710,1850.71701112419
711,1739.15381566818
712,2124.06824035758
713,2232.96808679313
714,2370.55858002201
715,2667.16506806299
716,3279.41084106529
717,4974.35912172595
718,5163.05700855779
719,6555.88182462441
720,14749.4845703042
721,27892.4366378143
722,29164.8160218766
723,34829.7512496152
724,44083.0990317199
725,53935.2341156246
726,61303.3316650283
727,54457.9526443693
728,103.137493262383
729,725.959960617
730,667.505549245377
731,872.952495032751
732,1105.65798588083
733,1008.93470790378
734,3025.13068731849
735,4555.78386189168
736,4007.79315378754
737,5691.06935622096
738,8220.21350909772
739,11054.7588040369
740,15147.2119662975
741,69663.4566875176
742,731.235418662675
743,586.739642804402
744,376.832554502926
745,1262.21744254263
746,1467.71820895178
747,4803.06457016063
748,3897.0752182818
749,5512.39073887409
750,8973.46126864333
751,10107.0196163566
752,10592.3856257894
753,10103.5069336951
754,18568.0313417844
755,42859.5217067215
756,110325.402368338
757,110776.870344303
758,159400.439663679
759,160148.958766416
760,160038.644612636
761,183157.77920235
762,195946.609684532
763,228811.86174121
764,258780.621257261
765,273560.534086604
766,80.0607417566845
767,160.676683760569
768,444.617236699722
769,317.859650005774
770,1067.12966955067
771,1377.35127109742
772,1804.60717307645
773,2981.9745386764
774,30939.4529093336
775,30910.4790748469
776,31627.9288968637
777,30354.6357648886
778,28432.4312372686
779,38151.5312518853
780,43781.2430054565
781,68041.1158281371
782,58953.6690309838
783,85591.1020815383
784,6.03558006323021
785,158.593209080166
786,473.874698799654
787,616.785648729023
788,647.1883454447
789,316.697276091795
790,438.706083134081
791,380.737592248432
792,318.302848751185
793,2268.19165392931
794,2106.77543465268
795,841.211604988129
796,1752.64461048716
797,3162.54149025213
798,2729.27688428354
799,3052.05469537569
800,2181.71823950357
801,3238.39648992367
802,13540.7049510163
803,14726.7825454292
804,31369.1877138313
805,121.381115629861
806,24.2927063651918
807,35.5814576378516
808,26.0287742101228
809,18.4864217630539
810,12.9777781980349
811,9.10348010293422
812,45.3598442215215
813,62.2875556393323
814,107.568087237719
815,139.456753345134
816,186.538275828095
817,5615.02396239551
818,8197.0672657106
819,10303.1581327963
820,13673.7071955472
821,13729.7808007656
822,2343.22625613301
823,80069.6286041249
824,43.9335024623191
825,52.7931113628888
826,82.5461825689764
827,26.4847710943176
828,33.212927756654
829,168.725967095062
830,526.13516292076
831,453.862450500626
832,529.683180599188
833,667.61185669756
834,4970.56050795056
835,4517.85751221727
836,7611.2073081531
837,8839.29455358027
838,12524.4374023726
839,12914.08479248
840,13518.609682498
841,18705.6657038603
842,35694.614132493
843,25021.1348775854
844,19918.2834136478
845,63603.2707220797
846,90971.737186314
847,121.044158943962
848,161.807080852124
849,182.545991187164
850,390.753364611741
851,392.204768758996
852,475.118910660004
853,2035.12184494725
854,1654.48074999307
855,2208.30121798497
856,2916.55976534301
857,3040.50342890322
858,5682.40697472074
859,6100.5379791747
860,11297.1187791823
861,12120.4806259654
862,17146.3684395852
863,12406.3891466511
864,19783.0247459537
865,34227.884350277
866,47871.9834718911
867,56006.1429417596
868,58097.4552365767
869,75980.24694839
870,114142.236387165
871,79.5773896937929
872,93.546760162644
873,212.816391345678
874,278.980631689885
875,333.019084039296
876,265.728057860748
877,989.409026605049
878,2137.10185171713
879,2446.33750140398
880,6818.82030771972
881,6587.85663186887
882,12003.3969613401
883,7747.79807772326
884,7594.8158166976
885,6394.07487016049
886,2879.32831978082
887,3682.74793228849
888,5367.37159585217
889,8061.99034742525
890,8629.50315493834
891,22265.383314187
892,30572.8317704846
893,43531.3714917814
894,88667.5808985827
895,106.943687694118
896,229.018184254706
897,696.470894149579
898,1654.90204943623
899,4111.76795932141
900,5381.90126800512
901,7014.59901956518
902,12972.9153994351
903,30980.0182849938
904,30796.228880462
905,36908.1803068091
906,52161.1670625461
907,64098.7339013076
908,59096.8037207141
909,54792.0451304704
910,114402.691853784
911,213892.086126472
912,229189.997185008
913,323698.059587424
914,355598.919637552
915,373578.745444441
916,282.765167455524
917,432.148679980938
918,182.70081844185
919,148.081597217397
920,92.0680816737323
921,94.8252308107741
922,123.943184327773
923,160.669099273223
924,206.68594783389
925,242.812437866602
926,218.784511847588
927,228.150893269123
928,191.130134541009
929,371.72270309235
930,548.647407422598
931,523.040656296937
932,660.90975854902
933,544.185532133258
934,1115.24215609559
935,1957.01320587545
936,5140.5798943238
937,13949.7559197505
938,19434.7767338943
939,30097.5535925029
940,353886.728436548
941,355814.559971113
942,375.917323775388
943,519.710021261517
944,836.137610241528
945,1126.33005212701
946,1209.8047415474
947,1843.45842632557
948,2905.48266051033
949,4328.07052594081
950,14829.3853999777
951,12255.0908934356
952,67863.6404636462
953,70389.1622051262
954,91656.7750758122
955,84098.5101595406
956,45242.695294754
957,54884.6915368178
958,59386.066499138
959,279450.663912583
960,313273.424916256
961,1128249.94139785
962,1378788.9404157
963,1558156.27856987
964,2132353.68309265
965,2174862.03991292
966,2821.83187023134
967,8007.95306428094
968,6505.99966464332
969,8384.4184471939
970,10652.4427565722
971,10041.0277544037
972,21351.4139741073
973,34539.1880540072
974,33699.1641026369
975,38613.4109368859
976,40387.3290122382
977,48914.3779646115
978,55321.7016245239
979,34451.0628495079
980,37068.1622528757
981,42425.0070851873
982,50247.497013161
983,53468.3695118329
984,88.0610260317675
985,193.232140542062
986,528.622498995883
987,402.188258016941
988,6971.71946854868
989,5623.31821260605
990,8280.76959525513
991,6352.63314102642
992,23047.4264886719
993,21255.5415253745
994,13842.4178817578
995,12801.3860437181
996,9353.58805508511
997,6796.0502443348
998,11732.8277892495
999,23967.300692646
1000,26595.9840114206
1001,17025.6138789011
1002,303044.625517498
1003,291478.624467485
1004,1019052.29420619
1005,977725.586431498
1006,552.797628345309
1007,1032.02890283324
1008,1050.20538150618
1009,1441.3298614479
1010,35285.4336112612
1011,51837.3707687435
1012,65955.3981440457
1013,71514.2224803886
1014,75535.8015876696
1015,73126.862449778
1016,69196.4989042858
1017,76475.1510384233
1018,87875.5305608398
1019,85977.8722942882
1020,3595.20679729715
1021,18877.3349448473
1022,31616.1851634466
1023,28840.2491778458
1024,43085.8562211842
1025,42027.0125623226
1026,39998.7313660178
1027,40580.279962132
1028,78943.6811305917
1029,89822.1327231406
1030,92227.1622345065
1031,101663.737129516
1032,115102.754849178
1033,57398.0132558221
1034,64603.350142402
1035,72144.3044555333
1036,81015.2522551698
1037,86638.9926628606
1038,134.108156089539
1039,248.322894382488
1040,563.916673039537
1041,1362.73695533227
1042,1144.59258186356
1043,955.511441487839
1044,928.216412040532
1045,1003.44902186413
1046,5209.24910304675
1047,4540.24365768904
1048,13197.5564659906
1049,16175.0981740914
1050,19331.1802861016
1051,18379.3381833949
1052,30049.5507813971
1053,41102.2551512355
1054,47290.2753901468
1055,48855.4305737233
1056,56648.7379399513
1057,67760.0178938204
1058,101601.108819284
1059,45254.4835788264
1060,50490.8180401982
1061,2140.66091362058
1062,3392.4029748193
1063,5467.94284307915
1064,4796.65698257326
1065,6330.87868968428
1066,5723.28870811946
1067,11872.3780263956
1068,19694.909292644
1069,29956.2795220761
1070,31039.7960157755
1071,31696.4099706955
1072,42052.4739664969
1073,48540.5707585007
1074,17873.9317666968
1075,19665.9189285073
1076,22594.1204423896
1077,26827.0672145525
1078,26732.6510913981
1079,65.2928776982709
1080,534.896042030775
1081,311.037594533518
1082,294.24518573857
1083,130.888515924681
1084,365.944068615341
1085,699.042873820208
1086,983.901757452451
1087,1594.96919632108
1088,3649.24605523947
1089,4700.3190902846
1090,5242.79277140095
1091,6135.76099685357
1092,6693.66589516445
1093,7438.39775776021
1094,9137.04065397457
1095,13831.3017356858
1096,15275.6644629356
1097,23981.3892107962
1098,25077.8430663702
1099,45755.7340152194
1100,70830.7293721293
1101,70103.6321362724
1102,99248.2334670544
1103,134.741750849764
1104,218.113869868363
1105,362.627172261362
1106,809.811111356984
1107,743.268581743328
1108,2409.71305144151
1109,2957.99227386616
1110,2794.81685530898
1111,2179.08734972403
1112,4661.12946640132
1113,7910.60829003466
1114,17785.2727789132
1115,21177.000189977
1116,24533.4817094938
1117,34682.2848820323
1118,43608.3933030694
1119,45387.5040157042
1120,3886.4897569394
1121,4473.4326372425
1122,5643.42909700363
1123,9970.10015976168
1124,12743.1723926394
1125,13939.5221947918
1126,14885.4082283738
1127,471.670716065941
1128,1181.294500958
1129,969.02369615976
1130,2575.37304037049
1131,6345.32092834495
1132,5765.39112961135
1133,17535.5843299998
1134,18029.9437801731
1135,18014.0690667792
1136,21704.6905283211
1137,23312.3158413203
1138,24620.1390748325
1139,26041.7243692694
1140,28452.4196732379
1141,35762.1992556118
1142,106693.030726999
1143,121956.559864841
1144,122341.675588924
1145,97.1861356462445
1146,77.4494144738753
1147,192.80552131703
1148,128.002350396057
1149,355.407635652451
1150,336.931446017141
1151,470.758865404143
1152,796.794860735851
1153,1298.88177241957
1154,1887.46248235904
1155,4908.40837082879
1156,6343.63157507287
1157,2339.67448698461
1158,2650.06984106687
1159,1798.12179166186
1160,1562.50717694045
1161,2130.76184790498
1162,1601.59261097313
1163,21054.915379369
1164,7945.20195071648
1165,12174.0714518864
1166,10984.9287924673
1167,9110.85235893179
1168,8350.69261378669
1169,7570.40919109089
1170,35317.9008053038
1171,44067.0998440936
1172,45072.4150741911
1173,66413.4010576147
1174,71415.5444660538
1175,79600.5863243795
1176,85362.6050198439
1177,36969.4157153761
1178,39682.0458247127
1179,47394.6176121862
1180,52331.4360730197
1181,54228.0254735793
1182,317.783493814432
1183,380.100188795616
1184,151.535961232983
1185,205.967921994269
1186,308.564560671089
1187,965.236544775949
1188,1287.76137384618
1189,5321.78174615237
1190,4052.37273555843
1191,7139.56980247556
1192,7628.00615810893
1193,8826.91453922756
1194,12741.9772790766
1195,21359.2533457755
1196,29026.9627748158
1197,27346.0644134518
1198,36133.8098432725
1199,12262.8763281222
1200,18154.1514093958
1201,21552.8417181748
1202,931.508396365995
1203,3496.8572440213
1204,5108.8784200928
1205,5003.86950342765
1206,5975.97192053975
1207,5788.42293227278
1208,14876.9072624243
1209,21317.9567816529
1210,55564.6712764132
1211,60702.689703883
1212,67912.7492108966
1213,82208.4805685693
1214,97440.7099500903
1215,51230.3653437217
1216,64536.3791061149
1217,72851.0779879194
1218,79880.0447315936
1219,84057.4207271226
1220,244.701581521545
1221,381.912517242914
1222,319.31203756403
1223,192.925145834261
1224,364.911771275408
1225,453.265633587322
1226,1119.11307271421
1227,1055.66278364276
1228,2534.07918379134
1229,2413.79733799792
1230,1859.77310768086
1231,4072.46644531997
1232,5352.5922021711
1233,6653.88278347088
1234,7778.61102259052
1235,22483.9079697102
1236,22375.6254887715
1237,22250.2620839026
1238,5459.83781028236
1239,11993.4701271675
1240,9505.69104621167
1241,13792.5490441508
1242,19797.4465489186
1243,34820.5251446334
1244,52345.1356414541
1245,71982.0914215405
1246,95730.0520749027
1247,130705.504029594
1248,171510.053367219
1249,285956.171978984
1250,345721.298748022
1251,353381.823898358
1252,365741.722528435
1253,393909.091907224
1254,439994.63111452
1255,33.0051103870786
1256,29.0113155842832
1257,306.639140309337
1258,1223.99702370187
1259,3659.91378431059
1260,2792.80130527857
1261,2415.58593887665
1262,2228.45548463941
1263,2488.83911210665
1264,2945.87533739775
1265,3466.2545804318
1266,2416.15701341793
1267,4512.09213619949
1268,4753.42284710659
1269,6505.5725470123
1270,9524.24416079835
1271,10899.2388397108
1272,11050.5522605618
1273,33392.6419263807
1274,33285.3872219353
1275,32436.0174273605
1276,31192.9366575564
1277,101.547600476797
1278,69.721717842151
1279,113.742796794152
1280,408.666116576361
1281,96.5742511223431
1282,78.3717067392579
1283,85.5539786950765
1284,337.228217049891
1285,4037.99461382968
1286,7127.67926524143
1287,6325.1908469616
1288,9592.28524149083
1289,11438.1123860991
1290,18095.8980766804
1291,59608.5469857194
1292,38087.3216107422
1293,42546.2090269495
1294,43927.3857050367
1295,86034.68857263
1296,100843.750391505
1297,2302747.04624904
1298,6.40474752359682
1299,74.2217579968887
1300,53.3258026580335
1301,38.2226951294472
1302,142.11104943832
1303,500.885972576552
1304,565.864132522192
1305,495.729460207803
1306,476.225497440048
1307,953.455786393407
1308,1437.55934004512
1309,1855.71468386461
1310,6315.04324786069
1311,9637.51375840956
1312,11493.7507302363
1313,11001.8255527172
1314,33868.5618485058
1315,22.5258662882877
1316,16.9384550370935
1317,4.85233606669541
1318,3.58357962868646
1319,2.62273388895859
1320,2.4363338381021
1321,68.69177654492
1322,62.4743531396622
1323,57.0743423988935
1324,56.8880875849229
1325,2605.82913815472
1326,3607.35326165729
1327,3243.2305921301
1328,2948.16014170037
1329,2681.41732675549
1330,11929.4645266223
1331,7515.78609778463
1332,9438.21878767368
1333,7621.43659069469
1334,16322.5838814162
1335,13975.7107797479
1336,23992.3327089033
1337,32537.6331627141
1338,26319.3429516053
1339,68.7563907272728
1340,51.6469675443104
1341,390.16443798907
1342,226.586402032406
1343,1106.03853466486
1344,1542.31338013674
1345,1621.20158800749
1346,2356.36167983933
1347,2396.80090153353
1348,1435.46340347323
1349,1181.01924878655
1350,964.762384550554
1351,833.30946785521
1352,1171.05696081366
1353,1366.24733088265
1354,1939.15353419889
1355,3601.39102801318
1356,3679.63604329582
1357,4204.49244663835
1358,568.394310954604
1359,1016.27492023238
1360,1531.16714812944
1361,2305.13405456155
1362,2777.4868623624
1363,2471.23892233858
1364,6982.87143899725
1365,12813.0970649082
1366,14740.6329794225
1367,21820.7856336534
1368,31651.7132521562
1369,52285.6006406754
1370,65743.0104167471
1371,73105.4227213913
1372,79880.5507201072
1373,76441.0715099638
1374,70894.6147800483
1375,88681.1099411269
1376,114171.220402933
1377,137573.182918832
1378,200124.134597463
1379,230173.625014952
1380,253840.569811514
1381,312445.143601208
1382,916.021491070844
1383,2103.27652918416
1384,18247.8074429316
1385,99900.050155427
1386,164520.235708687
1387,169243.320713935
1388,180616.648375997
1389,203724.229660829
1390,232978.226581018
1391,197055.252492898
1392,8720.2204471729
1393,313262.198094356
1394,275923.140989658
1395,4424150.38545889
1396,19139.5806475785
1397,18218.3975839987
1398,17275.139340057
1399,336.226238544373
1400,912.906057945566
1401,1776.89809112823
1402,2883.77514681487
1403,2809.42752402101
1404,4223.83241346805
1405,12616.7681895947
1406,16495.4076785023
1407,18997.6530930999
1408,201.618233906602
1409,1083.85996917813
1410,1564.81606796487
1411,1228.53922170008
1412,1080.87005115495
1413,946.387226615356
1414,2093.48802824945
1415,2498.49759018402
1416,2593.76584126277
1417,3782.00000409515
1418,3940.85625979007
1419,16015.5336967127
1420,18754.2964843784
1421,27782.8976521244
1422,23626.9216640271
1423,21908.5775244344
1424,20385.3198016075
1425,16.4526459967625
1426,13.0679546668249
1427,81.2830133156772
1428,16.1627082494941
1429,8.67175099961436
1430,57.3530666834084
1431,49.9953668115581
1432,43.3718095512274
1433,39.8915145010017
1434,33.2299210200373
1435,26.5363785907972
1436,933.352032583781
1437,1048.77628175155
1438,1442.85070362057
1439,1079.12217633607
1440,738.401897035993
1441,929.245712491555
1442,1089.5217295957
1443,1847.45484090624
1444,2655.59422135869
1445,5209.5786078983
1446,14241.7192213674
1447,1046.46706179519
1448,698.398397874075
1449,1528.84961055832
1450,1276.16736878323
1451,830.026714409803
1452,532.954548718219
1453,344.673018186155
1454,1674.69681361699
1455,1529.89867631275
1456,6427.78104106699
1457,4914.094919764
1458,9665.32324531329
1459,11612.5780736204
1460,12429.9118702675
1461,30621.8712878249
1462,151314.146764163
1463,137745.860247018
1464,2240.37647469502
1465,2737.99228943233
1466,4310.58653446404
1467,8026.30483544982
1468,11305.5220414733
1469,16694.2745034398
1470,181077.693331595
1471,318543.840872268
1472,459394.849396846
1473,589778.968944235
1474,771328.831792033
1475,1076519.19598285
1476,1414197.56173337
1477,1748092.99869001
1478,3446074.11339513
1479,4707222.26313027
1480,5852538.21288627
1481,8050793.02346381
1482,10623917.4292706
1483,14289862.2653627
1484,17222431.4746106
1485,21642753.0638351
1486,23976906.7252381
1487,31144409.7805714
1488,126.283490374833
1489,209.107348883019
1490,277.423132535191
1491,292.635342324121
1492,538.234642824947
1493,1028.60959292621
1494,1634.20335104917
1495,2350.39800860485
1496,3250.09471556024
1497,4360.77242396832
1498,5389.23263753578
1499,4418.41605621112
1500,4432.70334973171
1501,9067.86148132995
1502,16457.0413940189
1503,16238.774416227
1504,30996.9233783561
1505,48020.7631310982
1506,59584.2295401885
1507,74221.9110631173
1508,104604.328343574
1509,107311.284089348
1510,115404.544714413
1511,127520.544157612
1512,1429.25432597352
1513,1692.53643449768
1514,1479.2179211214
1515,4573.37563378524
1516,10722.7167436683
1517,8922.64053984462
1518,8457.54797346847
1519,8975.03978722083
1520,44114.3875171717
1521,53789.6845556618
1522,60937.490328372
1523,73185.1788728776
1524,72386.7657237592
1525,38975.4652039988
1526,42216.3993895578
1527,50932.3874156942
1528,54656.9665203088
1529,60581.8148961429
1530,9638.29948290439
1531,21671.6185715991
1532,16751.767697568
1533,24100.6836508786
1534,29727.5886476006
1535,25086.0278274826
1536,47892.2883151969
1537,90245.2242472204
1538,137842.407104336
1539,145533.93537039
1540,152876.81441466
1541,162282.490555629
1542,190992.198573766
1543,87820.3159271681
1544,99289.504060084
1545,108337.905438333
1546,115718.954758977
1547,117738.525448019
1548,362.069017428121
1549,235.384307313634
1550,403.155404471962
1551,1058.36920454821
1552,3337.1997930085
1553,7020.75118816514
1554,9021.3683488774
1555,28866.4130105208
1556,25272.1448345575
1557,22612.3654925152
1558,25061.7723153967
1559,37905.0682247929
1560,40964.8081414244
1561,51845.5618509844
1562,57980.025736778
1563,74672.7263317495
1564,129077.663969402
1565,142193.920665093
1566,177534.50914173
1567,229170.633024854
1568,271995.87706572
1569,266293.653941594
1570,1491.99344175286
1571,775.777392871055
1572,568.232446475109
1573,234.277613129938
1574,2055.81158514661
1575,1262.59087306694
1576,1044.03535586581
1577,862.951270294972
1578,720.725610736194
1579,2293.03618848643
1580,4200.2903478829
1581,7144.37001316344
1582,6194.76284603969
1583,5848.77592280895
1584,8179.54220248192
1585,25368.8785961253
1586,29301.2229456078
1587,34186.7157110147
1588,61926.8869071221
1589,63957.9190382181
1590,73976.0013824977
1591,22562.0145241151
1592,26664.604088677
1593,28393.3296443505
1594,32355.6994001854
1595,34127.3539681706
1596,150.513743406043
1597,207.287864961824
1598,110.783774158308
1599,159.279879203343
1600,547.914869501318
1601,725.306840417582
1602,820.541105611568
1603,760.061784911138
1604,2797.34151577718
1605,4048.01085237648
1606,5736.58149815025
1607,4842.31558838433
1608,5010.96047302536
1609,7585.3098029058
1610,7309.88289545954
1611,9646.13886575473
1612,27577.0177885228
1613,39426.7711107968
1614,98917.0738933278
1615,80405.4060384561
1616,54689.535859736
1617,120789.271840885
1618,125.003878659187
1619,77.5537228634287
1620,120.894494425146
1621,197.135468456815
1622,254.271128032201
1623,181.21575442991
1624,311.463907034219
1625,574.700380308684
1626,1319.83448122284
1627,2970.73953383952
1628,2416.66761564371
1629,2774.61146284478
1630,3134.21306785921
1631,16089.2170074476
1632,18927.5444706059
1633,26256.5879537918
1634,24813.4281212301
1635,30093.2816779228
1636,52548.5437760068
1637,132039.276407851
1638,119434.607720064
1639,134929.26066817
1640,170985.575687358
1641,238644.38690336
1642,1350.95479338126
1643,4702.14217969007
1644,13294.8956737469
1645,14700.257538855
1646,16347.3363998599
1647,14220.2461394486
1648,16678.4601028079
1649,24745.4507766467
1650,52331.9886723466
1651,71189.9316075472
1652,68573.970225906
1653,82135.482307454
1654,83964.0008758643
1655,59413.4303708436
1656,66851.0388906746
1657,75133.7433390206
1658,75582.4572164462
1659,77852.6840306915
1660,58.0199265269719
1661,159.818279133201
1662,174.807248337149
1663,209.719455525772
1664,190.03465605088
1665,586.273380251755
1666,1159.08583106564
1667,767.883826893933
1668,1195.35422715613
1669,2533.1764200759
1670,2177.10702654844
1671,3733.32669606935
1672,4109.41056552686
1673,4676.92542066981
1674,5830.26739674933
1675,7952.83079941779
1676,14628.1114900712
1677,19263.794005031
1678,22446.328526352
1679,28428.8622370502
1680,48753.6380955097
1681,66122.7233815047
1682,37384.0757152894
1683,67828.5613592842
1684,125.162793769984
1685,80.7257291812088
1686,121.192865731544
1687,172.586165023577
1688,251.085171594098
1689,103.074964553486
1690,62.1863012035785
1691,41.8498682663657
1692,50104.5969250043
1693,77825.0101344563
1694,101093.376966988
1695,75034.2439578406
1696,75519.094787977
1697,76821.9389435866
1698,124186.075669432
1699,352.347562286689
1700,482.967528344353
1701,298.829303157874
1702,2118.13726174865
1703,5059.76813570081
1704,4801.63106760627
1705,8088.3061441111
1706,7791.58761127087
1707,17304.7660717496
1708,67497.0696147227
1709,297851.675426882
1710,292460.754474116
1711,323959.581220454
1712,239846.035592159
1713,295508.912807702
1714,381544.491115404
1715,485336.833272861
1716,478465.957879033
1717,7753949.17675305
1718,260.183742388253
1719,1093.85181897654
1720,1249.61131704686
1721,1959.77920651917
1722,11286.0266147975
1723,10028.8649974815
1724,4880.01806412883
1725,4291.09279894652
1726,4754.69571716395
1727,5496.33221537549
1728,8077.06142572401
1729,38868.2856099022
1730,58481.6141157195
1731,48677.7745974624
1732,54014.9456909818
1733,54582.5886610176
1734,57343.6102151253
1735,56437.9340547559
1736,188.993370576575
1737,463.02756333216
1738,509.854895104978
1739,1228.14629632388
1740,1662.81116519955
1741,2570.06451092607
1742,3447.91128268873
1743,2047.31264969361
1744,2878.04102084087
1745,4231.107754193
1746,7095.2291498151
1747,9396.86281625822
1748,12494.102517145
1749,12908.3672248095
1750,16950.2928522323
1751,21730.4817323193
1752,22786.5209957154
1753,24881.5866215432
1754,722.027194756293
1755,12416.5844543916
1756,9651.73667510431
1757,7484.39970436621
1758,5814.8925259
1759,4515.09308929966
1760,3492.76770056083
1761,3109.21171440286
1762,3007.11279154588
1763,10518.9972580309
1764,7740.75681381248
1765,9073.40182138422
1766,11619.4864857611
1767,14269.7546991523
1768,36779.6173053978
1769,48930.313085267
1770,52234.4936815929
1771,69137.0405584712
1772,89795.9784816082
1773,110449.760717034
1774,116911.079761958
1775,127429.686781465
1776,117394.111564693
1777,347.80924197596
1778,265.959115258401
1779,637.724340836478
1780,452.043783761627
1781,397.539071220036
1782,702.352352883803
1783,685.490609877187
1784,2870.61545833702
1785,5804.97425599741
1786,6549.79251829252
1787,5362.61222365414
1788,5343.33227063954
1789,9067.25474994986
1790,15608.219984843
1791,21839.3582655445
1792,37915.1292502073
1793,49745.5280686772
1794,53606.4062518217
1795,79551.8599279829
1796,106756.04787115
1797,132048.261795365
1798,133753.606548794
1799,142461.015735941
1800,107.856659781111
1801,132.673362710027
1802,65.9740575243348
1803,26.2622094831595
1804,32.3941862913254
1805,102.119084500071
1806,497.409085996537
1807,201.469962802734
1808,406.287197233389
1809,6805.43299245703
1810,6747.5481386975
1811,14068.9858275812
1812,71315.4547286617
1813,62482.1012632181
1814,65555.2823432916
1815,109403.852028401
1816,107689.904864837
1817,394787.773163127
1818,421828.215654297
1819,578914.398982798
1820,80.9132143891604
1821,60.619162008081
1822,221.971733287089
1823,2741.40091069338
1824,2094.22112351005
1825,2028.51014206387
1826,4066.98780807433
1827,4143.55450261156
1828,7638.61994581163
1829,10617.6386583976
1830,2298.13273842337
1831,4346.36832014779
1832,2660.87457240242
1833,5760.95514801704
1834,7402.09263256421
1835,18863.6535124123
1836,108.492361756502
1837,368.052959711831
1838,612.442968664395
1839,1285.6914574165
1840,1240.28956323044
1841,1414.97423865761
1842,1327.3378977125
1843,3963.90224819091
1844,6610.70211130427
1845,7463.83296444303
1846,11735.7131583917
1847,16921.0674538148
1848,25513.1819394072
1849,29816.1924416613
1850,42628.5022041946
1851,45632.9059369573
1852,52781.9974856831
1853,69206.4397913041
1854,87497.6198631819
1855,349.384972319895
1856,364.710991497951
1857,607.182087813144
1858,580.253773972645
1859,1520.92020343457
1860,1443.81540167537
1861,2657.13451341638
1862,53879.4642032114
1863,49292.0995400264
1864,44266.6301130542
1865,38826.9852494088
1866,46789.9118972012
1867,43040.1819213894
1868,47548.3551277489
1869,60427.7211496528
1870,84755.2284058786
1871,84733.4646645534
1872,92892.6937210399
1873,122120.036375562
1874,161841.368133718
1875,203898.19950985
1876,218390.115725966
1877,246973.504767153
1878,275.906125802737
1879,165.892857316206
1880,99.7902471426542
1881,78.8388666994486
1882,669.959342590992
1883,400.705815447013
1884,716.71142531335
1885,1892.82825737741
1886,2084.3984428041
1887,1335.11876094998
1888,1127.66630495642
1889,2247.60634246847
1890,1855.45003391133
1891,1875.55255063803
1892,2929.2614926953
1893,17333.3957293573
1894,18087.8980823575
1895,17948.3472441113
1896,17767.8645043693
1897,35658.9767848934
1898,30597.4512311025
1899,26268.0194774603
1900,133.962164115384
1901,192.033625856022
1902,165.727250951716
1903,483.167518696348
1904,612.266773936481
1905,1262.85587278495
1906,1024.46859158481
1907,1130.05321387602
1908,1209.56328439949
1909,1135.31367845741
1910,4717.10502283381
1911,16371.0483795351
1912,12965.7725978635
1913,19208.7600924498
1914,31944.0319848201
1915,17662.4075192238
1916,26993.1548004954
1917,39246.8547494692
1918,46595.337823393
1919,68379.601725068
1920,246.934569895943
1921,125.545222459306
1922,252.863096657535
1923,296.277043409312
1924,177.528538980702
1925,589.152292332654
1926,720.178111418187
1927,2805.65061199507
1928,4823.56759895836
1929,3523.2906539439
1930,2146.18480239325
1931,1490.69729349482
1932,1417.04927260615
1933,103.402332539239
1934,48.5312197167604
1935,37.9365147298696
1936,197.367045149786
1937,435.662868083939
1938,483.64778253322
1939,1075.45986460441
1940,4868.23772467265
1941,13438.0045687121
1942,4151.92980752084
1943,7506.34745794604
1944,5898.27379628539
1945,5536.09670594844
1946,5004.03005237109
1947,1144.13217728931
1948,78985.1981738622
1949,75959.8620492945
1950,72014.395677696
1951,102718.02156873
1952,75798.7027268055
1953,105085.819735832
1954,6544.58532979264
1955,6046.66317736285
1956,6160.42521233918
1957,6038.87746853157
1958,8659.57303159194
1959,5329.45797010909
1960,5135.17196343019
1961,2271.53767457353
1962,6823.09532731832
1963,6678.86585656421
1964,6543.03022224197
1965,6045.75426830251
1966,498370.30219318
1967,558512.324277505
1968,557348.613701897
1969,120.629268835523
1970,191.379176781103
1971,47.360953913124
1972,32.8720708049484
1973,61.5637311479632
1974,85.0892325722798
1975,118.873366510455
1976,142.041080729335
1977,271.411491038164
1978,337.42005866681
1979,1063.97595187367
1980,933.95741350817
1981,884.99706297678
1982,2178.66551951295
1983,3335.53326481711
1984,3800.96092660176
1985,4326.77672132313
1986,4085.71000655842
1987,5820.56845938251
1988,8830.38198894943
1989,9280.89075618528
1990,8896.04031485721
1991,8525.20392414474
1992,222.248695372068
1993,409.081028412291
1994,538.364683952971
1995,523.223832346794
1996,631.553135621078
1997,4143.10810260338
1998,6418.91220474104
1999,9746.62480417306
2000,18539.7902843536
2001,25263.4339937729
2002,48738.1496769836
2003,75784.9680474476
2004,75023.8942977068
2005,89641.7484895715
2006,117349.112539642
2007,143403.000383291
2008,206806.3731788
2009,274409.329754508
2010,350218.088444299
2011,468410.509201647
2012,693877.557259877
2013,691514.079040238
2014,747029.771867582
2015,864225.992813542
2016,3015.45914998212
2017,8218.95639408537
2018,8260.16993246683
2019,5959.97294342685
2020,4925.05756839181
2021,29009.6118513934
2022,27561.053547678
2023,1740875.73515348
2024,1840874.98980615
2025,2524319.8817145
2026,3150099.82967281
2027,4187403.82789378
2028,6291850.08961455
2029,6646026.37200577
2030,6922935.73812456
2031,7862829.89745571
2032,8264958.1640134
2033,1037.71891919128
2034,1552.04043197075
2035,834.137876405422
2036,825.820146859606
2037,2573.50066375688
2038,2698.24155403805
2039,6208.05455423497
2040,5069.20718783097
2041,6984.50084197361
2042,33441.6478068975
2043,50111.0826481304
2044,60495.1526041813
2045,99044.1581455509
2046,112427.505118421
2047,114907.147206318
2048,127812.209475762
2049,134936.182151732
2050,1779.48537532957
2051,1197.03654274442
2052,1881.74131190862
2053,5714.55997509876
2054,7410.27063459145
2055,9263.82812037112
2056,7254.55434355522
2057,9305.06952314554
2058,11368.2899559051
2059,20221.0279683104
2060,30583.5050904717
2061,43730.7673587469
2062,58853.8845118351
2063,70641.2812247941
2064,83846.2048690637
2065,105138.291871336
2066,142892.658038223
2067,187814.240243822
2068,388931.259788493
2069,482352.657964206
2070,548340.282452117
2071,67.7282942429876
2072,92.9053660145796
2073,268.719253536021
2074,416.18242990293
2075,414.995411030471
2076,802.107347966485
2077,909.730878057508
2078,1112.20821459021
2079,1661.88309624727
2080,5066.4023617713
2081,9328.78280298231
2082,12915.1282668489
2083,18119.9405776324
2084,23017.8774097556
2085,29501.0599120498
2086,32881.2386626921
2087,63036.8221117394
2088,60216.9293716885
2089,86038.6882360925
2090,128029.245787817
2091,166795.863747673
2092,230637.063900939
2093,244615.822372308
2094,270266.997672282
2095,6419.37672747099
2096,6241.31247297214
2097,46707.7788536136
2098,44077.78777462
2099,52267.0848033451
2100,220113.712211153
2101,264913.206155126
2102,248830.272218141
2103,59912.0395400289
2104,67021.1035518493
2105,98619.8839826683
2106,117590.368964731
2107,188917.215185836
2108,186635.767432909
2109,1047898.35238006
2110,2512956.06491902
2111,3184486.96157694
2112,92.4863731899892
2113,79.1551240804655
2114,100.63637145303
2115,261.473594469802
2116,347.824324920838
2117,312.575173513875
2118,834.198262229074
2119,1135.75454926769
2120,448.958670776463
2121,654.858963537521
2122,692.09330860324
2123,516.576930642859
2124,418.800763864426
2125,312.465996855707
2126,7639.57884896421
2127,11838.2727951126
2128,13610.9024936217
2129,8169.93845278036
2130,6959.74007632308
2131,12587.4824138958
2132,18297.9201380127
2133,15898.0738876746
2134,15005.792684678
2135,16984.9068812333
2136,170.506363195244
2137,451.809939950207
2138,482.030951319762
2139,684.119521466209
2140,763.473261342388
2141,740.685426140944
2142,801.827840643098
2143,2407.49841222573
2144,4450.24840040779
2145,5251.42999241506
2146,7303.49766527412
2147,12476.6633419917
2148,15668.058059997
2149,27433.7532086995
2150,28885.4673441008
2151,30798.4307642203
2152,38945.8299290425
2153,45842.6399548684
2154,109.94367877418
2155,116.707886459345
2156,169.418498145324
2157,267.416197895239
2158,299.206534027018
2159,254.141500569466
2160,1196.92029594114
2161,2732.99104904974
2162,4168.00654579406
2163,8904.86058917206
2164,11343.067623552
2165,10540.595117565
2166,16190.0649703403
2167,18882.8453858155
2168,29437.9118809069
2169,33484.5714553557
2170,41710.3261251032
2171,104018.639390319
2172,117332.513713866
2173,147300.347651551
2174,214515.43312446
2175,238396.364420056
2176,317095.833841607
2177,556125.130967153
2178,482.67669908765
2179,433.810375670841
2180,448.863574015143
2181,169.299653377039
2182,755.368530013112
2183,2517.75945446857
2184,7073.21718043019
2185,12346.3613032743
2186,10411.3989945563
2187,10848.3979799056
2188,30192.8210924198
2189,26261.4880728058
2190,22292.5190698007
2191,37408.4195129798
2192,39248.3051561378
2193,36791.1560074053
2194,61815.6255798177
2195,105761.740501543
2196,182.068915997436
2197,135.474470704636
2198,215.057816333755
2199,152.401892072707
2200,317.405460324128
2201,378.735526526395
2202,2086.68315432698
2203,1818.83424636891
2204,2788.07702002573
2205,2231.50253738755
2206,2430.1987344403
2207,4277.997196714
2208,3591.00894259374
2209,3393.95472678767
2210,2219.72293751252
2211,1614.02920633937
2212,3498.61112210113
2213,4000.36416773096
2214,4043.80344818343
2215,6436.90048901633
2216,14942.8665299303
2217,20722.4075156448
2218,648.346857716817
2219,472.16246353948
2220,1321.51756802435
2221,2400.07358656585
2222,5449.37027484928
2223,4546.70340888003
2224,99925.5672461917
2225,160912.461408032
2226,232008.747290254
2227,266925.132494684
2228,466391.029290443
2229,471881.125756637
2230,644004.747500391
2231,230303.501044043
2232,280165.06925911
2233,310643.854857767
2234,343225.01331865
2235,332404.401827351
2236,259.499784537358
2237,244.127012955564
2238,333.393182204534
2239,5112.54304921014
2240,9683.40862428852
2241,9379.71565204406
2242,62373.93163305
2243,87437.6801303278
2244,94329.8120098415
2245,12876.8334114223
2246,17213.7402365021
2247,22397.4708833268
2248,22893.0891416266
2249,22467.4195308732
2250,13848.5146217271
2251,38184.9835936209
2252,45363.0158081189
2253,93931.1024834794
2254,139089.915473539
2255,136887.220797641
2256,151.393554945591
2257,151.013160529714
2258,233.450055432074
2259,227.387355581675
2260,137.235696164
2261,109.526796044794
2262,410.898669929077
2263,371.675290002291
2264,828.493205516645
2265,1003.16820181563
2266,1334.62889722567
2267,1176.62654099905
2268,3204.88509952771
2269,4644.95622112432
2270,9306.48283777928
2271,4042.09064044321
2272,3110.89477627046
2273,21455.9206303787
2274,21049.9685118689
2275,17848.8811140411
2276,15135.6640740216
2277,12792.7277938228
2278,598.379395382719
2279,344.151331668416
2280,447.365412106408
2281,312.614085934001
2282,356.636787079591
2283,1550.43587888354
2284,1890.25708184287
2285,3747.89863764735
2286,2402.06314524536
2287,3870.36943997824
2288,4442.37835810871
2289,6260.22814842299
2290,6492.0457499412
2291,8223.64954429967
2292,10548.5992558612
2293,17971.0338275442
2294,25234.948202577
2295,50182.4924304079
2296,64941.8858053532
2297,64674.957789059
2298,81464.1381585538
2299,90610.5950791564
2300,135792.105946472
2301,132378.045221544
2302,658.124876740425
2303,586.838105049478
2304,1285.59279727759
2305,1163.53254599929
2306,18801.8618021376
2307,15447.6523687773
2308,12352.1855133568
2309,8669.35095459186
2310,7001.30302028433
2311,98092.5508855108
2312,92639.8754537561
2313,83954.7436736787
2314,55588.9728309729
2315,43871.1845373912
2316,11.9054817606263
2317,31.5828860237369
2318,28637.5672923032
2319,36006.561395919
2320,35775.6755710219
2321,104241.481646724
2322,59598.3074080696
2323,38016.3233843641
2324,153.029842265427
2325,109.943783690961
2326,955.004171755844
2327,799.608631216856
2328,1954.85456943421
2329,2285.34166888109
2330,1524.20130339853
2331,4961.37994421991
2332,4115.77038512135
2333,3471.97117199902
2334,2064.30912734281
2335,3933.34889543791
2336,3426.32868328952
2337,2677.86514164032
2338,3743.46557165102
2339,6876.70429087322
2340,12595.7382797472
2341,12204.0978336951
2342,17.8441254883302
2343,105.180022389261
2344,103.309828031061
2345,102.461219434095
2346,105.891411432152
2347,106.849401761754
2348,106.03674100436
2349,55.6703238893624
2350,102.212994115118
2351,1168.56610465103
2352,2059.22163980225
2353,3816.45426113754
2354,2838.49467052634
2355,2572.98798698374
2356,2606.71520171274
2357,2560.63780542044
2358,7286.61634260015
2359,7364.70298212266
2360,5897.59892130602
2361,4569.44485297842
2362,9765.2465939917
2363,10757.6473480089
2364,21707.4268663996
2365,29741.3211017104
2366,54.2649691502099
2367,67.9447733930833
2368,61.2322367286047
2369,49.0329867063968
2370,43.7645780883325
2371,2709.99258651862
2372,3759.46027247962
2373,4398.43859625267
2374,7265.12094647632
2375,8714.6728947529
2376,12969.7605525725
2377,13807.4087027934
2378,21563.4358952339
2379,23414.7600533314
2380,24286.5585902853
2381,29671.2917497063
2382,26039.8462644141
2383,64.3110501513535
2384,192.644934059998
2385,269.245422759607
2386,319.986085173386
2387,931.845757086154
2388,1669.21086767233
2389,4551.70732408114
2390,11416.1757449476
2391,14867.4608749901
2392,16383.8271964978
2393,17610.6669467966
2394,19041.9197708064
2395,31672.7401500703
2396,92.0082066930041
2397,40.8333057761043
2398,127.370350527939
2399,100.377730450106
2400,79.3767413778772
2401,985.281817967426
2402,1668.47512727439
2403,1730.34614970385
2404,929.943583577587
2405,1419.47066453427
2406,1383.27358179958
2407,3033.89919175826
2408,4511.81435809313
2409,3991.00704972894
2410,8831.2131491652
2411,6811.19673196288
2412,5852.19075665081
2413,3376.03101828274
2414,24.6953448711022
2415,78.9390829709697
2416,168.331680225643
2417,120.044670703771
2418,64.7397161081934
2419,29.1438236662778
2420,48.0257894654193
2421,66.7874972980131
2422,5552.20611230759
2423,5308.34865188718
2424,4696.32226395895
2425,5073.91327520388
2426,5287.59201979868
2427,983.214685748514
2428,1203.94426023436
2429,1142.15992448439
2430,3248.27442268148
2431,3484.86914679241
2432,5807.00035180106
2433,6353.57706919476
2434,9274.81138539398
2435,10003.9458169471
2436,9749.66775221693
2437,12387.7187999073
2438,841.783139620421
2439,3778.07336164117
2440,100.294174735394
2441,68.4423835391798
2442,170.764562400461
2443,136.595650858072
2444,121.801530522398
2445,456.500246812766
2446,524.99083898053
2447,573.702075646978
2448,990.029200890953
2449,799.818648527175
2450,1756.98038910791
2451,2174.25910179803
2452,4506.7414958735
2453,6138.64107452511
2454,7982.59677093976
2455,6586.25364420237
2456,6495.63898491379
2457,12929.6393917541
2458,16417.429418987
2459,122242.06405449
2460,114120.860110843
2461,1682.04628501493
2462,7490.11555375165
2463,6866.18447981677
2464,9513.85974147951
2465,12059.1755311082
2466,11349.1642731068
2467,17215.9880659438
2468,30949.9665171783
2469,74336.5286106546
2470,76087.5129113717
2471,74566.3306134207
2472,82649.9534473801
2473,97570.9444418294
2474,54671.6218940448
2475,63266.3518808367
2476,74837.2755834229
2477,90293.1452739329
2478,95976.0878133725
2479,167.011788470385
2480,249.657553466126
2481,241.002153899383
2482,255.053486937368
2483,217.510108021061
2484,313.309159770721
2485,368.793906880368
2486,357.657130694243
2487,5604.24199797302
2488,1844.83397223328
2489,1699.16353334843
2490,1628.69087348954
2491,2997.70855049393
2492,3159.65828588667
2493,3270.75014165117
2494,11750.9206415168
2495,18217.2491447411
2496,37356.2203253408
2497,2384.04377837929
2498,136.783827238795
2499,916.982397463197
2500,986.569770351649
2501,1351.8084049261
2502,1811.30626378508
2503,1764.03553396809
2504,3199.74925998218
2505,6521.39152516499
2506,26060.3990443773
2507,29150.0122735544
2508,34303.2016462751
2509,42134.0360032136
2510,52750.0913613642
2511,40684.6096055143
2512,52641.1967710774
2513,65629.6051473562
2514,95628.641911084
2515,168215.213911621
2516,490.889875466532
2517,524.248420368406
2518,689.041267278781
2519,675.258407944778
2520,1268.52108274812
2521,1609.91768657843
2522,2330.15807889128
2523,2953.73954729664
2524,3784.37979922134
2525,4784.15052698125
2526,13199.1594775245
2527,15021.0787042187
2528,13850.6440028509
2529,28001.0393745403
2530,33882.437373394
2531,41275.3203993605
2532,50237.1509616398
2533,280.937454926983
2534,236.783674196306
2535,1986.89950277507
2536,2117.50483445261
2537,2973.04292674573
2538,2941.23686064903
2539,2820.30831292797
2540,2726.31802027145
2541,2227.5042079721
2542,5143.71715198254
2543,8458.65471094778
2544,21823.2419837953
2545,18766.7366256344
2546,32880.0947546458
2547,58759.0405183284
2548,57791.6217598745
2549,74086.6257166785
2550,75468.0701776753
2551,130895.138529748
2552,159708.010685244
2553,177793.271368733
2554,228115.145009549
2555,107.139398816885
2556,97.4579723663058
2557,44.8702403592268
2558,39.020255028432
2559,64.9848912980532
2560,218.761708808413
2561,563.546899101648
2562,678.480371416982
2563,1337.61002241145
2564,3764.32236197155
2565,4110.50883363073
2566,4874.84804834827
2567,5774.33145790767
2568,6777.94503355469
2569,16871.1006786068
2570,18097.6232727655
2571,21856.1986412212
2572,26506.9047679265
2573,67171.9237215637
2574,71194.274762417
2575,91072.5392081334
2576,101487.353777426
2577,99444.1117287221
2578,104.53776405392
2579,115.352145804755
2580,247.4454260109
2581,564.310715766394
2582,709.570257381871
2583,676.625513621971
2584,1839.18582700519
2585,8671.6976136641
2586,26487.4701022681
2587,10380.2142735731
2588,14038.9801817213
2589,17436.9285654686
2590,16627.2397005122
2591,19996.0040707543
2592,22516.4404477002
2593,24617.3543873177
2594,26457.5013460029
2595,759.844639286264
2596,1122.43525058863
2597,64.8672653955237
2598,115.850280224878
2599,76.6332495105083
2600,71.2855754174929
2601,62.8790173767838
2602,53.4909156202764
2603,67.5744803766713
2604,96.244209468669
2605,1186.37571455984
2606,1576.60384567323
2607,2845.18039704603
2608,6603.60289520273
2609,9598.77305406973
2610,10036.8980460729
2611,11551.8531144333
2612,11726.9542192477
2613,45208.22977306
2614,38586.3929580423
2615,1672.38011543417
2616,1479.11606738164
2617,2331.55799895422
2618,1950.84711320671
2619,2556.55120571478
2620,2433.84326940758
2621,5632.29205162938
2622,12669.7840425917
2623,14357.9131050926
2624,17181.6283020207
2625,42659.8590797371
2626,55800.0865231539
2627,65741.5557507273
2628,65199.4777520664
2629,63124.0667250828
2630,83191.3702475413
2631,82614.3340891116
2632,275.180200286552
2633,617.152809539232
2634,781.149531814788
2635,574.031761786649
2636,1721.98396915921
2637,1444.97814940907
2638,4254.38739627312
2639,5668.22314915121
2640,18648.2808946307
2641,21645.3278224273
2642,26548.3929154033
2643,38987.9636340803
2644,42643.9044400232
2645,19962.0387789822
2646,20797.2964514244
2647,23059.2378693662
2648,23531.7249582519
2649,22705.2472379701
2650,295.931794087664
2651,1880.55227609664
2652,1992.55667015155
2653,2754.06868662102
2654,2625.6514399359
2655,2379.86549938756
2656,7920.56830526566
2657,11447.8900378699
2658,33876.6798988872
2659,40168.9131310012
2660,47770.1794520645
2661,53525.2246367968
2662,52861.1452035052
2663,67825.8428449476
2664,74176.5004202729
2665,105774.415100804
2666,166601.056016946
2667,182547.482077026
2668,222324.675849
2669,255.141804051781
2670,179.642797656786
2671,1058.88190205971
2672,888.958082540245
2673,833.228398298125
2674,798.548761888003
2675,1140.70882655037
2676,1604.60284665409
2677,3745.05180442652
2678,3918.4090068236
2679,9338.81655830233
2680,10337.4815634058
2681,12124.1570050573
2682,13766.1129438107
2683,15878.7718273651
2684,18268.6373346643
2685,23114.5545958763
2686,20664.4417247179
2687,134.428444965212
2688,280.389857483892
2689,554.165929565864
2690,575.119186262363
2691,1437.17132456465
2692,2081.03475241049
2693,2613.2622708559
2694,3477.17906267734
2695,4556.11438599717
2696,4959.44351474729
2697,8369.25268934166
2698,10251.979262456
2699,13624.7991326781
2700,16899.5936398417
2701,23753.9396642198
2702,32057.6162699633
2703,34052.5820188184
2704,34169.8438421421
2705,125.84418149112
2706,303.578417750913
2707,643.950312314924
2708,581.678319762403
2709,2256.08602023116
2710,6676.86435733194
2711,31841.0883249315
2712,35462.5114084395
2713,52310.3855220683
2714,60729.0838131485
2715,50347.1630035764
2716,65798.5926560766
2717,83775.6722262389
2718,127639.381890839
2719,137177.782528447
2720,1075.78825091271
2721,2131.20699577277
2722,3245.07167094557
2723,2904.57138719205
2724,3796.18667844421
2725,8248.50820412984
2726,9358.64438526621
2727,16428.4908827507
2728,19692.6462956719
2729,20775.5338386701
2730,28810.2449230947
2731,45398.4137208606
2732,51850.1454687553
2733,68979.4985770157
2734,69302.0768244753
2735,80076.2314904412
2736,86493.6144672753
2737,106848.607936722
2738,138332.640479689
2739,189532.80314689
2740,237616.098526577
2741,238526.819396827
2742,267668.767118301
2743,15.884565512788
2744,12.7699496866133
2745,112.967461898983
2746,1425.50932178256
2747,1359.19350239807
2748,1289.40473288027
2749,1256.19745231134
2750,2954.91323357837
2751,6265.16711269775
2752,19470.3633564018
2753,31115.0062964884
2754,49129.2485874414
2755,53929.9833029185
2756,146645.057789607
2757,135586.672549375
2758,36557.7161485882
2759,42135.6645309098
2760,45574.7082350173
2761,49285.6688423534
2762,49795.0118010153
2763,6.41772935120562
2764,417.57399574771
2765,326.284046592112
2766,1184.59251047439
2767,1072.55852541402
2768,772.208194549637
2769,605.178553682415
2770,453.105945991341
2771,1990.53981113545
2772,4567.92317339581
2773,6966.82493017667
2774,10010.01001001
2775,9524.6456232076
2776,8703.76361831618
2777,10932.0722622527
2778,10996.9994010542
2779,10451.7036467127
2780,13583.2850014083
2781,17110.5016242039
2782,20491.2505271044
2783,22171.0103262036
2784,31588.8895350461
2785,1040.38397517084
2786,908.598513140387
2787,882.272989536189
2788,545.818511360053
2789,769.446125977417
2790,652.437125820577
2791,1843.0564969973
2792,2293.67510153621
2793,10864.891235659
2794,13068.4114405847
2795,15596.6672692581
2796,14363.4523953194
2797,19951.2603017605
2798,21874.6236205776
2799,25930.0482819476
2800,27492.2712474119
2801,52736.4707318623
2802,67720.3607323577
2803,63767.8400256647
2804,62559.2007566433
2805,4590.40537323377
2806,13104.8614237719
2807,15066.6700437605
2808,17812.5895925197
2809,20893.038269086
2810,20579.2338682155
2811,36939.5512356045
2812,60756.9516732922
2813,108461.046215252
2814,141812.903541912
2815,236955.347470848
2816,239559.859909905
2817,338208.921394556
2818,41759.0986993677
2819,51273.5370521665
2820,59689.1949576398
2821,67443.6584224735
2822,68416.6945695683
2823,203.814828335506
2824,86794.9322174977
2825,88013.9805998819
2826,91485.1702539018
2827,158612.567946924
2828,166106.776093381
2829,164438.124466111
2830,162357.661849645
2831,176442.693305963
2832,225362.830034638
2833,664578.885827228
2834,657415.548150603
2835,71.383192789491
2836,300.177870074346
2837,186.837719617416
2838,559.069796379353
2839,835.143467304119
2840,500.094704303988
2841,3967.58499276133
2842,3320.51124354761
2843,7629.07289897669
2844,9700.65985350052
2845,9742.27534529389
2846,893.998380860852
2847,477.734028059691
2848,749.969011853624
2849,1375.95113736694
2850,965.938696954383
2851,1441.03860424278
2852,1921.42243760389
2853,2102.40318450105
2854,3380.40299403888
2855,5036.18175071997
2856,5342.12850818568
2857,7244.25474023045
2858,9391.08575601433
2859,11970.2388527932
2860,9581.13645160154
2861,8052.41248467037
2862,7204.73242754882
2863,6779.62557519259
2864,324.575721932836
2865,643.815647432412
2866,488.554314394413
2867,472.42456970839
2868,654.28671899814
2869,1035.90819519617
2870,823.119660777536
2871,1253.36777071428
2872,1990.59441201192
2873,4763.9703108343
2874,5253.17388747623
2875,14476.8995106344
2876,21580.0750607251
2877,27319.1160004757
2878,35957.4928444885
2879,44968.971352752
2880,53964.729573476
2881,52972.2760417085
2882,60597.0490424423
2883,62900.8809011509
2884,76693.3710986428
2885,110015.348069644
2886,422828.298399126
2887,718.581560283688
2888,539.656449983159
2889,3376.41025641026
2890,2817.66035112115
2891,2420.30487650732
2892,2267.84533044681
2893,4273.8818332413
2894,4047.37288061849
2895,4031.4842796302
2896,7921.20617790712
2897,7524.15668123293
2898,5649.33450839491
2899,6153.0040442465
2900,120.756811489571
2901,243.301602003896
2902,222.88569736776
2903,772.20146131965
2904,1491.85094038416
2905,1985.93612859154
2906,1965.44743410838
2907,1447.48244203798
2908,3752.5705107999
2909,3888.27098536021
2910,3463.09507010737
2911,4548.73979947726
2912,3971.41875287725
2913,6490.00577279143
2914,10772.9537419034
2915,8692.58902312221
2916,9446.55922541561
2917,484.802990139733
2918,524.502011231359
2919,546.794343145791
2920,586.782772944596
2921,614.508077403406
2922,469.515501955464
2923,326.797166332185
2924,329.080983094212
2925,2047.93090285066
2926,2960.04072195182
2927,5782.62673617992
2928,18849.9355686854
2929,52849.8112235921
2930,62503.7196941943
2931,64657.227596318
2932,69743.3134512031
2933,138705.805295442
2934,120396.048084515
2935,82757.1458070792
2936,133951.513370492
2937,119333.850085372
2938,168874.480221312
2939,163979.55205921
2940,248.773074276908
2941,728.840505333959
2942,724.451268763112
2943,577.883837566737
2944,1047.4599253492
2945,1435.72505856304
2946,5227.14401188103
2947,4351.31470622534
2948,3700.52125542404
2949,3735.10103214848
2950,3482.92718240924
2951,5830.88764385856
2952,6402.11749505587
2953,6787.63228869549
2954,7665.5753026666
2955,8649.07502467149
2956,62800.5564701594
2957,305.862386046128
2958,292.73492138375
2959,286.225282705683
2960,11133.0888423887
2961,10868.6309967025
2962,10793.7495855346
2963,10666.5637589554
2964,10497.8335100112
2965,494041.086383504
2966,613053.540601831
2967,626730.402641694
2968,290002.574113489
2969,340247.348925679
2970,708341.906041251
2971,689721.576333053
2972,1548.16429292948
2973,1538.5746673282
2974,3026.20895411013
2975,6985.80666962378
2976,9548.85841704619
2977,25398.0112071537
2978,32538.1798513997
2979,51286.6699350838
2980,114925.365367571
2981,172470.236012133
2982,323260.132851
2983,406065.819396533
2984,526594.651953278
2985,684458.513176954
2986,778792.202236543
2987,1077952.85606062
2988,2232434.24993462
2989,2855637.51556878
2990,4305208.20376793
2991,5516623.87758138
2992,7500087.54014933
2993,9365605.87030145
2994,10521055.7732784
2995,72.4087319047468
2996,137.543762150315
2997,181.139235532908
2998,80.4763109515774
2999,27.6993831071246
3000,26.161292924829
3001,291.45547607595
3002,518.016859480312
3003,459.9103013116
3004,823.036634749898
3005,1149.18534325158
3006,1238.98688447677
3007,16282.2575854567
3008,20320.5252220827
3009,97.8760173984557
3010,68.0782688989246
3011,58.4500467168936
3012,4710.21885749308
3013,2696.34342258073
3014,946.4088364056
3015,12722.2493752026
3016,13160.6229497454
3017,21647.2167926516
3018,29121.6830289257
3019,29001.3984016014
3020,299.387790201438
3021,216.506309896575
3022,175.97756894191
3023,127.956276195058
3024,95.1891189245744
3025,89.9252567228736
3026,170.279327646598
3027,323.101124746996
3028,446.044316197783
3029,411.160579782056
3030,1173.4377692948
3031,1335.8602041755
3032,5016.32890474718
3033,6978.2036933156
3034,14573.9742003639
3035,20883.6344513002
3036,38048.2009337765
3037,37571.0181167894
3038,37184.9328154653
3039,24510.0486756661
3040,52213.252843429
3041,10674.2487799984
3042,8680.42032876865
3043,13921.6979476666
3044,6243.55119628063
3045,10059.9199103044
3046,14729.2539049576
3047,14453.0646243354
3048,14274.2904362359
3049,13717.4676692523
3050,26975.4036810543
3051,38128.5319479738
3052,82855.1560140018
3053,88900.2052668852
3054,92063.3246531241
3055,116119.361260112
3056,138911.841402971
3057,60120.7240732711
3058,70088.8585784133
3059,73136.6651378938
3060,79036.1146143625
3061,84413.4151627027
3062,251.116782629999
3063,268.269485987192
3064,580.711346870714
3065,1882.67899386668
3066,1441.09720716917
3067,1353.29963576879
3068,4010.20545514228
3069,2669.28763663803
3070,2868.03173133742
3071,1915.37250920148
3072,2958.77274209796
3073,3662.66540267985
3074,62583.9266383267
3075,50241.9423522831
3076,87185.1028098387
3077,118686.979493054
3078,131473.213838625
3079,134633.823606206
3080,171405.002719137
3081,208490.42624978
3082,629.552902734828
3083,832.772941430921
3084,1942.53050694827
3085,3954.60201782585
3086,3085.18409178857
3087,2685.19431229022
3088,5698.40401523896
3089,11866.123084442
3090,73229.7912058694
3091,75273.8862295688
3092,74030.8115741694
3093,90273.3957026386
3094,99262.2165411004
3095,76947.2246917735
3096,91616.5981759894
3097,106256.258725358
3098,125296.713682525
3099,126661.022076284
3100,153373.953113786
3101,190584.882853231
3102,287100.359172196
3103,416486.341819414
3104,451751.577460956
3105,493334.559397572
3106,106.16359680204
3107,75.7219663665989
3108,53.218006099443
3109,38.4670617932079
3110,28.8609247195533
3111,25.0682965005273
3112,478.600995050023
3113,445.341072567658
3114,1303.71552405779
3115,2526.35996462285
3116,1990.93362969201
3117,1755.59577342826
3118,2076.91813510352
3119,6149.0789012436
3120,6561.83663418943
3121,6114.81915783115
3122,25880.4890574913
3123,51839.3187503649
3124,265.249065303067
3125,43.7601050767535
3126,26.3212711017843
3127,657.458670643171
3128,321.840002793651
3129,429.10645333677
3130,439.693245259362
3131,660.257991320354
3132,937.660530721273
3133,1232.31007949108
3134,3166.54139887173
3135,3616.21463495067
3136,3346.99597406801
3137,4038.72199297177
3138,8166.96450154891
3139,15203.5228054976
3140,23860.7811760534
3141,25713.0133269966
3142,45373.983875278
3143,52511.267571063
3144,52396.282367424
3145,59202.1661435126
3146,66248.5336050161
3147,84.2266085830281
3148,63.3021234139819
3149,33.8194226127167
3150,16.8474583114325
3151,97.7560666110486
3152,84.8779038761467
3153,88.4113274734247
3154,63.9069236919379
3155,139.124910638605
3156,107.619511888341
3157,91.7283155396724
3158,206.317488539466
3159,483.003054030187
3160,464.536067610157
3161,588.132846922518
3162,1845.25333011903
3163,1602.6920846711
3164,1737.24916322399
3165,3220.28110047704
3166,9267.57640262695
3167,11144.8657145775
3168,15472.8793442826
3169,16959.131349345
3170,24290.1861895716
3171,6180.50014789772
3172,7624.6575408603
3173,9062.54641264629
3174,6316.81926641005
3175,9717.98068876228
3176,13620.3620507054
3177,49777.5857983245
3178,65058.1389190069
3179,65408.9959244048
3180,81084.865333569
3181,90621.6907416688
3182,47497.6142285067
3183,52516.1857425136
3184,56506.3738888275
3185,61576.9656582263
3186,59773.0271390388
3187,24.3188910896945
3188,126.325262538635
3189,221.677306561611
3190,213.970509172365
3191,166.839052977719
3192,135.508982517459
3193,118.589148493978
3194,209.484740402866
3195,1328.08651493141
3196,7954.28242422343
3197,6872.04577535045
3198,5733.72253797858
3199,5668.42648424051
3200,6100.44585413547
3201,8226.71067862968
3202,6839.93169129569
3203,4199.04987970105
3204,15949.7027254697
3205,13611.3240028738
3206,20829.2502906068
3207,14520.6776643174
3208,30476.3910564226
3209,25432.0785287206
3210,28528.0911853047
3211,115.084239498531
3212,181.526948347578
3213,208.803959992902
3214,238.338719841486
3215,430.116499221836
3216,686.292409791096
3217,867.423112748569
3218,1642.26183121464
3219,4476.79002179953
3220,7638.94427875128
3221,12385.0100870184
3222,22222.6646473434
3223,25670.5138796872
3224,35379.9422860213
3225,52458.144966754
3226,52571.025363956
3227,88349.029364858
3228,115893.524719251
3229,120732.951744303
3230,113913.974607562
3231,137176.223269139
3232,147109.72541072
3233,181142.405556231
3234,227731.662303893
3235,19293.7993235626
3236,204.835487337313
3237,175.446407825
3238,662.267880250144
3239,641.209730943993
3240,481.602916123383
3241,385.646014516755
3242,1286.17544916379
3243,1566.01066332528
3244,1382.46522679339
3245,2798.42914843801
3246,2909.6834264432
3247,3718.50887793995
3248,3101.92940008685
3249,9124.01320317169
3250,13044.3843968253
3251,17070.2282054852
3252,34466.5318589596
3253,31227.8682755922
3254,42332.5906111214
3255,116887.313971579
3256,588.782624903961
3257,470.741592088518
3258,327.617346559199
3259,276.110930930691
3260,495.077928661026
3261,1250.71787322304
3262,981.209032934267
3263,2040.73871830149
3264,13194.1253420797
3265,20460.883596416
3266,28549.0316012353
3267,27141.7779575663
3268,30352.2029365632
3269,35808.0202134785
3270,48258.4776419229
3271,122899.644685397
3272,185458.61352371
3273,178931.971065038
3274,184938.942574007
3275,163141.611455094
3276,214071.156665359
3277,261782.920310492
3278,253249.073127296
3279,302107.585906665
3280,178.699069681467
3281,169.733113340796
3282,290.191280088831
3283,237.099456002162
3284,438.265912772285
3285,757.442098188571
3286,913.944066048343
3287,1777.62241335483
3288,3969.14620649133
3289,7760.38271429903
3290,12923.1556052128
3291,14434.5989951459
3292,18515.8645943566
3293,18885.5705244727
3294,23634.705038918
3295,28102.3265647177
3296,37074.4631421218
3297,36360.4057492058
3298,43564.6847507401
3299,58131.88618668
3300,94024.449609816
3301,104098.380714938
3302,140341.29552908
3303,126875.839082658
3304,234.852560034999
3305,180.232663461681
3306,148.358757568594
3307,263.042976766575
3308,886.028802393599
3309,2724.30003955026
3310,3602.61594567928
3311,5035.57168025707
3312,6911.69982308829
3313,9098.76550545803
3314,13353.1080694024
3315,21275.727394305
3316,25930.7859618166
3317,34121.1877073589
3318,41703.7703770175
3319,56582.1316098201
3320,64584.8359931776
3321,82119.037818137
3322,92659.1135054992
3323,118876.314160573
3324,132928.572262605
3325,126151.47486771
3326,144325.835024248
3327,157787.859556683
3328,234.259757467945
3329,211.134368881433
3330,191.343214416515
3331,1887.35898425771
3332,1706.62529393227
3333,1538.63638350512
3334,2946.37595757219
3335,2595.26347114759
3336,2987.2861103145
3337,2581.23801337598
3338,2248.83341766459
3339,1956.31738902056
3340,10034.5305905616
3341,10063.0232772104
3342,49.8119870441857
3343,67.9992196024397
3344,199.093449118005
3345,63.7240719658136
3346,47.8410374515478
3347,232.017034802063
3348,190.900270518283
3349,150.836799120522
3350,373.37244601749
3351,1408.49701348214
3352,2664.87692946566
3353,3394.57199139845
3354,4007.9447725731
3355,4654.92650012566
3356,2837.19668353043
3357,2210.64731559559
3358,1677.09518963723
3359,1577.7772583244
3360,7902.64903467003
3361,9317.72068169971
3362,32379.3590150383
3363,29840.990120986
3364,19.3853016548258
3365,38.8447802673762
3366,968.374708911814
3367,1379.61668554517
3368,1742.21881089951
3369,2741.28095798525
3370,3867.96031223174
3371,5742.59485282156
3372,9811.67368904364
3373,14176.2975659373
3374,22275.9782861479
3375,27156.7347151043
3376,39838.8421308688
3377,69096.1183578698
3378,91328.5351363185
3379,202001.572027593
3380,256557.527074087
3381,308605.207275276
3382,368512.424302636
3383,420290.945900483
3384,576952.442519064
3385,684329.262661701
3386,858213.949775466
3387,924425.025518975
3388,43.26622239861
3389,86.954867212626
3390,78.5152698854457
3391,81.6341149578683
3392,309.609168451361
3393,124.246178992035
3394,182.615832516699
3395,316.293038271346
3396,311.409576896902
3397,908.881390498508
3398,2590.45690638305
3399,12309.8021785805
3400,15126.1588493197
3401,14535.1003341024
3402,14007.1093959151
3403,16421.6317753091
3404,21835.1793018045
3405,25521.9529304744
3406,479199.034709293
3407,344422.776885591
3408,397299.859572672
3409,383175.938587175
3410,84.3375989327359
3411,361.910739755836
3412,349.356175058763
3413,345.150635858089
3414,494.05474608596
3415,462.935148139786
3416,2469.77929475772
3417,3147.14818235724
3418,27175.4358073651
3419,21219.6622246248
3420,30557.8830125923
3421,38999.8108975418
3422,40198.7913557593
3423,51086.2371119167
3424,58674.3578006249
3425,72394.646029414
3426,79417.1420287799
3427,73625.0438461043
3428,177.208471060482
3429,1030.08760798746
3430,1001.79142031298
3431,834.150689576361
3432,1785.05517990941
3433,2424.05178021115
3434,2748.38116316876
3435,2680.40753833782
3436,5393.92795558978
3437,11563.8850900844
3438,24502.8461487786
3439,32587.9158913923
3440,41866.4475218234
3441,61474.930480162
3442,61801.2636293783
3443,74530.6912988413
3444,98467.633518708
3445,108585.617704715
3446,917.915025843666
3447,1962.13185343987
3448,2261.69803156715
3449,3961.64279013908
3450,5120.97700877847
3451,7244.03846815034
3452,9901.00453703547
3453,15025.0127141187
3454,22155.4558775944
3455,32007.8059042136
3456,40358.5789514112
3457,50222.857741207
3458,57411.7830566549
3459,74816.5413332226
3460,84790.9515428992
3461,98708.1534210232
3462,98723.4714830049
3463,105542.262600687
3464,7.49653730532075
3465,56.6925559721002
3466,65.4992091976594
3467,65.0734119863013
3468,78.5034147136897
3469,162.26985978095
3470,135.434556190339
3471,178.48719279628
3472,330.455107113875
3473,381.980157416922
3474,567.213032271386
3475,904.662648000738
3476,724.028122093293
3477,1255.32738660815
3478,1534.13646520588
3479,2005.20942802077
3480,5465.05874415467
3481,10325.2856562626
3482,25687.1694460667
3483,40937.1266419108
3484,50251.4458765799
3485,76524.5679875334
3486,78701.5438207485
3487,223409.779983206
3488,1085.60608443474
3489,360695.927682014
3490,290038.23921743
3491,223186.387415859
3492,168114.694569223
3493,128667.671990077
3494,87572.1156372273
3495,80958.1494132841
3496,82230.524404238
3497,105760.741612713
3498,106295.398100182
3499,179707.951037038
3500,202504.852546186
3501,230054.061791608
3502,232635.885660943
3503,333568.419648133
3504,982.536984076843
3505,170.509986004028
3506,373.898137943317
3507,552.439754233842
3508,384.666232738188
3509,603.936822454343
3510,397.630110710711
3511,1961.45611158374
3512,2995.64414646326
3513,5509.4168486599
3514,6452.08227764229
3515,6501.07147093217
3516,8178.36170895088
3517,9933.65408719467
3518,10883.522871662
3519,14682.5496669014
3520,17807.0666978007
3521,19529.7991834202
3522,21067.7695707054
3523,39013.2228768045
3524,48263.4834614024
3525,77642.037861242
3526,123426.549025706
3527,2256.51002073255
3528,1509.61556199155
3529,1516.68207451234
3530,1524.28710529976
3531,1529.35709904652
3532,13165.3072721483
3533,36524.329207256
3534,122.347392153079
3535,34.454098775546
3536,97.8631510264329
3537,345.110283075023
3538,308.151735351603
3539,349.931484216079
3540,499.093277409154
3541,724.717876035766
3542,2457.2435873781
3543,3904.09382749458
3544,5014.54875957936
3545,10034.5719207226
3546,10627.3226617779
3547,17322.8226580577
3548,24679.9916499637
3549,40166.0605912872
3550,80223.6456309059
3551,117481.881639707
3552,64538.8171600033
3553,119891.323388262
3554,201898.409652114
3555,190870.953073924
3556,175456.751399881
3557,156001.408000643
3558,99.3107344310134
3559,290.914713710239
3560,319.052123080908
3561,256.035165839454
3562,373.429493262479
3563,1515.76311717833
3564,3036.40970333418
3565,2780.71589268325
3566,2678.61830439176
3567,2274.74176852788
3568,2086.48726168229
3569,8175.7592009994
3570,7734.04162745987
3571,10260.1986374456
3572,10142.2058500337
3573,61545.821670514
3574,99981.398929272
3575,857.453173529468
3576,3594.14711113687
3577,10668.3280809598
3578,18754.5148736541
3579,14895.0494813544
3580,17835.3391550258
3581,22016.9944776974
3582,326.693491757738
3583,55.5084764228955
3584,46.241334570013
3585,30.8154237229043
3586,25.1070858525878
3587,1235.63425590627
3588,385.772098512954
3589,364.117074907793
3590,580.854723841376
3591,968.474111333183
3592,1702.65313337814
3593,2338.39087183672
3594,2046.87675263822
3595,2053.98076246122
3596,4682.42994199512
3597,4452.40427832688
3598,4297.98632855911
3599,325.042811786987
3600,874.3787154556
3601,4275.18203689503
3602,8615.69829826704
3603,12641.6816605693
3604,33205.1894802527
3605,49495.4761212301
3606,86341.8893588685
3607,96668.8180154356
3608,113051.634700012
3609,18794.1612721964
3610,25435.9745957469
3611,55782.6500755061
3612,92934.1639914362
3613,122485.580357726
3614,139364.017221462
3615,199693.755011008
3616,228418.153189054
3617,279372.342789915
3618,308735.554707293
3619,687.016248047829
3620,342.32443304975
3621,100.249644077888
3622,66.96390767201
3623,44.708985922793
3624,35.7376582511817
3625,21.6293209677479
3626,45.8846868630747
3627,45.7102974531891
3628,222.828191740538
3629,940.964220056659
3630,650.063490492301
3631,479.798477922094
3632,340.121989683369
3633,324.743881618071
3634,412.755420137159
3635,466.262193214664
3636,427.124317228538
3637,2148.98726493048
3638,5575.77731844739
3639,106.996281575953
3640,85.0814285574544
3641,100.647381019945
3642,111.428593775949
3643,176.394873329959
3644,144.409406127673
3645,154.58112924689
3646,1491.18307637896
3647,1403.29257399073
3648,1349.70162832221
3649,1193.40907853018
3650,5792.33640844984
3651,8435.56441217497
3652,12665.8682163953
3653,9485.13639202688
3654,7196.90753996928
3655,9213.14025647287
3656,12122.1461167043
3657,14235.7472155766
3658,70692.4221173111
3659,146.631568723824
3660,225.62467066789
3661,211.796025055331
3662,183.576653172514
3663,181.353748357759
3664,148.390455588377
3665,266.772367316932
3666,551.633252909009
3667,507.709776508122
3668,3064.75669068259
3669,3739.11486370287
3670,4171.00140827003
3671,4919.14538082069
3672,4795.79862743999
3673,9670.91236796895
3674,13188.9210557491
3675,22530.3855438163
3676,28796.96493831
3677,35097.7236788639
3678,33302.0638965823
3679,44734.3928715408
3680,58517.9782710155
3681,147.253386375659
3682,336.884303911671
3683,216.694642036755
3684,261.067353547952
3685,418.472040216859
3686,702.592491607875
3687,1009.89410572239
3688,4498.41651548766
3689,15271.0443130666
3690,23547.7016339407
3691,87200.5197964357
3692,107589.729986893
3693,118949.566866168
3694,154470.406730921
3695,109733.147576593
3696,147179.412781171
3697,151896.154261904
3698,223645.873113298
3699,321770.543563246
3700,330197.89919308
3701,423092.045198861
3702,416536.292807024
3703,507900.02979926
3704,610216.006063475
3705,554.955128539528
3706,677.624524849726
3707,306.556209858544
3708,205.214901692935
3709,146.744740212529
3710,177.417232664532
3711,1784.84101909864
3712,1461.75456184568
3713,3073.27873445771
3714,18779.869658867
3715,33552.7848502745
3716,36277.4918579844
3717,45661.1559652527
3718,56196.1352407023
3719,70241.6964797011
3720,71677.3504309405
3721,69664.767800931
3722,215.444556557936
3723,274.620235545688
3724,306.10289103636
3725,203.009649727143
3726,130.736616390936
3727,5501.65663325123
3728,9999.30020155379
3729,12673.8336849737
3730,9535.53722110009
3731,23854.8747663206
3732,20501.5195739429
3733,35255.8728592762
3734,67384.0750555768
3735,100527.011405809
3736,109355.948793854
3737,98259.6798499127
3738,110629.258025946
3739,135376.414175783
3740,131325.067567638
3741,188802.296442677
3742,202785.600177036
3743,202153.528399156
3744,234719.643147641
3745,89.3373456047031
3746,183.056946758243
3747,152.374706141593
3748,114.260749056208
3749,101.495168152889
3750,1852.45396155769
3751,3060.25643637923
3752,6087.7148392615
3753,5917.72320583767
3754,8799.84940170159
3755,18528.389578112
3756,25933.7954501842
3757,26633.0575999629
3758,39914.6232242189
3759,66413.8242617656
3760,82813.1477071007
3761,56120.4060949286
3762,63593.3726222357
3763,75023.8747375141
3764,94365.3286534161
3765,108067.977165513
3766,121137.959934722
3767,145109.535583057
3768,557.185183773329
3769,505.15530629089
3770,465.077424617333
3771,380.133500290919
3772,96.6956775566888
3773,503.305179150999
3774,482.782917605085
3775,1244.59409775768
3776,1765.45103163545
3777,2149.9022094965
3778,3879.28327640067
3779,3935.86162030837
3780,2151.65074346856
3781,2406.33283892965
3782,2205.21119901513
3783,41.9129878307665
3784,244.147731246614
3785,555.166909256519
3786,580.26211665003
3787,1711.83880576665
3788,1508.41643915049
3789,1045.35033123798
3790,1057.62423027672
3791,855.267309387577
3792,2210.59867489754
3793,2336.29911529744
3794,1407.60391152013
3795,1555.13050171707
3796,1571.61012529751
3797,1981.31080856309
3798,2169.48703116654
3799,16910.8750835799
3800,22770.8851122989
3801,59.0908429368248
3802,58.6510169354375
3803,54.5446214711648
3804,113.269595571107
3805,495.803592092359
3806,435.313238871294
3807,391.030823173793
3808,357.664178230069
3809,347.350420256958
3810,1385.23179781316
3811,1901.85600769322
3812,4085.42958826737
3813,3755.87848794122
3814,23771.5210273089
3815,42593.0090266562
3816,32866.7726997017
3817,35628.4290938878
3818,37292.1490984835
3819,48821.7143881854
3820,81111.7227392032
3821,132695.646560377
3822,144856.389024371
3823,439.701783825419
3824,10120.8810824608
3825,3776.97814837404
3826,4291.86078006909
3827,4345.17080524273
3828,4785.33723523688
3829,5206.71791593611
3830,9022.00778925967
3831,9288.1642139327
3832,10876.6266625222
3833,12248.3863233054
3834,12442.9113407951
3835,12059.5955982099
3836,11865.8382132422
3837,15006.9242947052
3838,41555.692043586
3839,52680.0189266529
3840,77873.2771588824
3841,96498.9554743977
3842,70528.9982014872
3843,64715.313008995
3844,72767.4660327522
3845,96707.2084617575
3846,133328.243281628
3847,85.6584829485063
3848,66.6718440098851
3849,61.51018895068
3850,56.8620366069008
3851,44.9880746934781
3852,28829.0904258474
3853,40876.584516959
3854,47006.2349404757
3855,53045.4280925175
3856,60245.9157254085
3857,54816.8865051204
3858,62514.0287226216
3859,68159.6933923276
3860,77728.5173298059
3861,27657.1352030655
3862,26319.1561914084
3863,29127.6418351273
3864,29529.0338760678
3865,29691.7905453948
3866,28766.0171025053
3867,28177.8271291004
3868,166.017803047666
3869,274.061641780695
3870,368.038300208174
3871,1066.93124664817
3872,1813.13568300961
3873,1923.74542461198
3874,1669.85473477235
3875,1429.29322164836
3876,2593.02967282057
3877,3252.70950701935
3878,3263.47189672761
3879,10696.5121781015
3880,13865.7019362117
3881,8126.08896734233
3882,4838.70967741936
3883,20000.0
3884,141.009325913123
3885,504.309325652662
3886,503.584260335381
3887,501.75526645975
3888,949.533083645443
3889,1136.74504196456
3890,1423.08884174394
3891,2061.97003503906
3892,2001.9816949471
3893,2598.76880728986
3894,3916.44295074211
3895,8475.19671746504
3896,8382.939479074
3897,18790.2173253202
3898,208940.483636839
3899,172196.062622515
3900,5008.22625320199
3901,4872.34579829853
3902,4763.40862602578
3903,343999.936775573
3904,415025.922004839
3905,13.3186059535605
3906,42.3810062127637
3907,340.355433085607
3908,922.621175021927
3909,1376.88837828814
3910,3816.43196570359
3911,5827.7155394097
3912,8227.69102519696
3913,10270.7436033459
3914,12573.7436801363
3915,15466.8890188786
3916,20459.8353857262
3917,29708.2821948318
3918,34571.9394806256
3919,44241.8291641019
3920,50938.899414457
3921,64534.4249762415
3922,81783.2134021194
3923,713939.918627595
3924,1321268.63135594
3925,1706202.34641036
3926,2053671.07097249
3927,2402018.88051659
3928,3816468.29435433
3929,4380869.79380761
3930,4547917.99128486
3931,5324.08137068631
3932,1433.54935556837
3933,995.134786031094
3934,452.00848355351
3935,1652.84260593777
3936,1290.70443882476
3937,1576.28262116885
3938,1283.95639835125
3939,1616.2383308181
3940,2572.12309301186
3941,2417.97654746551
3942,2185.08185554724
3943,3664.4290694391
3944,335.81800078237
3945,194.181641517334
3946,284.978968284532
3947,523.083572433864
3948,421.524420901274
3949,1117.63116668688
3950,1516.52694734218
3951,10901.25172194
3952,11168.4093242483
3953,24864.3447844883
3954,26162.6348098371
3955,0.0
3956,0.0
3957,41501.1700794785
3958,52773.5468682907
3959,61838.963122931
3960,76117.8314818491
3961,87888.4719962342
3962,82777.6956568474
3963,109738.899156255
3964,497.955042492828
3965,1396.74924073584
3966,4094.13856974457
3967,3844.56215798903
3968,9125.5773338526
3969,22523.9695353762
3970,29531.7529626676
3971,42164.1391381774
3972,32907.8525761207
3973,49240.0671038942
3974,72390.8645562742
3975,95818.7882950251
3976,201955.145139375
3977,233047.643662573
3978,574479.405526366
3979,596307.542990451
3980,604055.416877442
3981,574539.62755058
3982,562927.795598245
3983,651167.388034547
3984,16.6666666666667
3985,287.5
3986,297.520661157025
3987,465.387619766449
3988,203.534954380693
3989,136.93382663927
3990,943.501458150894
3991,928.628636844127
3992,903.416859024324
3993,823.209746829745
3994,1145.52994569352
3995,1931.41050667025
3996,498.374645762057
3997,503.601427547515
3998,183075.334684616
3999,176821.166960202
